[{"model": "admin.logentry", "pk": 1, "fields": {"action_time": "2025-10-22T10:53:20.316Z", "user": 1, "content_type": 8, "object_id": "9", "object_repr": "dankbaar", "action_flag": 2, "change_message": "[{\"changed\": {\"fields\": [\"Behoefte of gevoel\"]}}]"}}, {"model": "admin.logentry", "pk": 2, "fields": {"action_time": "2025-10-22T10:53:46.085Z", "user": 1, "content_type": 8, "object_id": "11", "object_repr": "warm", "action_flag": 2, "change_message": "[{\"changed\": {\"fields\": [\"Behoefte of gevoel\"]}}]"}}, {"model": "admin.logentry", "pk": 3, "fields": {"action_time": "2025-10-22T10:53:53.193Z", "user": 1, "content_type": 8, "object_id": "12", "object_repr": "rust", "action_flag": 2, "change_message": "[{\"changed\": {\"fields\": [\"Behoefte of gevoel\"]}}]"}}, {"model": "admin.logentry", "pk": 4, "fields": {"action_time": "2025-10-22T10:54:03.723Z", "user": 1, "content_type": 8, "object_id": "10", "object_repr": "verbonden", "action_flag": 2, "change_message": "[{\"changed\": {\"fields\": [\"Behoefte of gevoel\"]}}]"}}, {"model": "streetactivity.streetactivity", "pk": 1, "fields": {"name": "Overgooien", "description": "Wanneer een voorbijganger komt, zeggen: \"Jij kan vangen.\"\r\nBij geen bezwaar, gooien!", "method": "approach", "question": "Jij kan vangen!", "supplies": "Zachte bal", "date_created": "2025-10-22T11:01:51.305Z", "date_modified": "2025-10-22T11:01:51.305Z"}}, {"model": "streetactivity.experience", "pk": 1, "fields": {"activity": 1, "report": "Hallo", "external_link": null, "fase": "pioneer", "from_practitioner": true, "date_created": "2025-10-23T08:21:49.098Z", "date_modified": "2025-10-23T08:21:49.099Z", "tags": [11, 8, 13]}}, {"model": "streetactivity.experience", "pk": 2, "fields": {"activity": 1, "report": "nog 1", "external_link": null, "fase": "climax", "from_practitioner": true, "date_created": "2025-10-23T08:22:50.395Z", "date_modified": "2025-10-23T08:22:50.395Z", "tags": [9, 15, 4]}}, {"model": "streetactivity.experience", "pk": 3, "fields": {"activity": 1, "report": "nog 1", "external_link": null, "fase": "climax", "from_practitioner": true, "date_created": "2025-10-23T08:23:22.600Z", "date_modified": "2025-10-23T08:23:22.600Z", "tags": [9, 15, 4]}}, {"model": "streetactivity.experience", "pk": 4, "fields": {"activity": 1, "report": "nog 1", "external_link": null, "fase": "climax", "from_practitioner": true, "date_created": "2025-10-23T08:24:34.584Z", "date_modified": "2025-10-23T08:24:34.584Z", "tags": [9, 15, 4]}}, {"model": "streetactivity.experience", "pk": 5, "fields": {"activity": 1, "report": "Voelde wel ongemakkelijk", "external_link": null, "fase": "intermediate", "from_practitioner": false, "date_created": "2025-10-23T08:30:10.564Z", "date_modified": "2025-10-23T08:30:10.564Z", "tags": [7, 14, 6]}}, {"model": "streetactivity.experience", "pk": 6, "fields": {"activity": 1, "report": "Nog zo'n ervaring. Was helemaal niet voor mij", "external_link": null, "fase": "pioneer", "from_practitioner": false, "date_created": "2025-10-23T14:28:41.190Z", "date_modified": "2025-10-23T14:28:41.191Z", "tags": [12, 4, 5]}}, {"model": "streetactivity.tag", "pk": 1, "fields": {"name": "verbinding", "nvc_category": "needs", "maintag": null}}, {"model": "streetactivity.tag", "pk": 2, "fields": {"name": "autonomie", "nvc_category": "needs", "maintag": null}}, {"model": "streetactivity.tag", "pk": 3, "fields": {"name": "zingeving", "nvc_category": "needs", "maintag": null}}, {"model": "streetactivity.tag", "pk": 4, "fields": {"name": "contact", "nvc_category": "needs", "maintag": 1}}, {"model": "streetactivity.tag", "pk": 5, "fields": {"name": "erkenning", "nvc_category": "needs", "maintag": 1}}, {"model": "streetactivity.tag", "pk": 6, "fields": {"name": "erbij horen", "nvc_category": "needs", "maintag": 1}}, {"model": "streetactivity.tag", "pk": 7, "fields": {"name": "vrijheid", "nvc_category": "feelings fulfilled", "maintag": 2}}, {"model": "streetactivity.tag", "pk": 8, "fields": {"name": "authenticiteit", "nvc_category": "needs", "maintag": 2}}, {"model": "streetactivity.tag", "pk": 9, "fields": {"name": "dankbaar", "nvc_category": "feelings_fulfilled", "maintag": null}}, {"model": "streetactivity.tag", "pk": 10, "fields": {"name": "verbonden", "nvc_category": "feelings_fulfilled", "maintag": 9}}, {"model": "streetactivity.tag", "pk": 11, "fields": {"name": "warm", "nvc_category": "feelings_fulfilled", "maintag": 9}}, {"model": "streetactivity.tag", "pk": 12, "fields": {"name": "rust", "nvc_category": "feelings_fulfilled", "maintag": null}}, {"model": "streetactivity.tag", "pk": 13, "fields": {"name": "betekenis", "nvc_category": "needs", "maintag": 3}}, {"model": "streetactivity.tag", "pk": 14, "fields": {"name": "boos", "nvc_category": "feelings_unfulfilled", "maintag": null}}, {"model": "streetactivity.tag", "pk": 15, "fields": {"name": "verontwaardigd", "nvc_category": "feelings_unfulfilled", "maintag": 14}}, {"model": "streetactivity.tag", "pk": 16, "fields": {"name": "Ik weet het niet", "nvc_category": "other", "maintag": null}}, {"model": "persona.persona", "pk": 1, "fields": {"title": "De Bemoedigende Glimlacher", "description": "Bram (alle leeftijden) is een positieve, sympathieke voorbijganger. Hij is de passieve supporter. Hij herkent en waardeert de positieve intentie achter het initiatief. Zijn reactie is kort, oprecht en geeft een snelle energieboost. Zijn steun betuigt hij daarom in de vluchtigheid van een glimlach, een duim of een kort, oprecht compliment. Hij bevestigt dat je iets positiefs toevoegt aan de straat, ook al doet hij niet actief mee. Daarvoor is het wel nodig dat het gelijk duidelijk is wat je biedt, zoals “Ik wil een knuffel. Wil je die delen?”. Hij stapt niet op je af.", "core_question": "Kan ik even laten weten dat ik het waardeer?", "date_created": "2025-10-27T11:12:18.529Z", "date_modified": "2025-10-27T11:12:18.530Z"}}, {"model": "persona.problem", "pk": 1, "fields": {"persona": 1, "description": "Hij is een passieve supporter; zijn steun is vluchtig en leidt niet tot een daadwerkelijke ontmoeting.", "date_created": "2025-10-27T11:13:41.030Z"}}, {"model": "persona.problem", "pk": 2, "fields": {"persona": 1, "description": "Zijn bemoediging, hoewel welkom, verandert niets aan de eenzaamheid van het staan met een bordje.", "date_created": "2025-10-27T11:14:38.124Z"}}, {"model": "persona.problem", "pk": 3, "fields": {"persona": 1, "description": "De interactie blijft oppervlakkig.", "date_created": "2025-10-27T11:29:20.604Z"}}, {"model": "persona.problem", "pk": 4, "fields": {"persona": 1, "description": "Hij heeft vaak haast of voelt een sociale drempel om zelf de interactie aan te gaan.", "date_created": "2025-10-27T12:20:02.278Z"}}, {"model": "persona.problem", "pk": 7, "fields": {"persona": 1, "description": "Hallo", "date_created": "2025-10-27T12:37:34.708Z"}}, {"model": "persona.problem", "pk": 8, "fields": {"persona": 1, "description": "Hallo", "date_created": "2025-10-27T12:39:41.751Z"}}, {"model": "persona.problem", "pk": 9, "fields": {"persona": 1, "description": "Hallo", "date_created": "2025-10-27T12:39:59.519Z"}}, {"model": "persona.problem", "pk": 10, "fields": {"persona": 1, "description": "Hallo", "date_created": "2025-10-27T12:40:11.670Z"}}, {"model": "persona.problem", "pk": 11, "fields": {"persona": 1, "description": "Hallo", "date_created": "2025-10-27T12:40:41.165Z"}}, {"model": "persona.problem", "pk": 13, "fields": {"persona": 1, "description": "Hallo", "date_created": "2025-10-27T16:17:29.420Z"}}, {"model": "persona.problem", "pk": 14, "fields": {"persona": 1, "description": "Hallo", "date_created": "2025-10-27T16:18:25.573Z"}}, {"model": "persona.problem", "pk": 15, "fields": {"persona": 1, "description": "Hier", "date_created": "2025-10-27T16:18:47.943Z"}}, {"model": "persona.problem", "pk": 16, "fields": {"persona": 1, "description": "Nog een keer", "date_created": "2025-10-27T16:19:29.802Z"}}, {"model": "persona.reaction", "pk": 1, "fields": {"persona": 1, "description": "Goed bezig!", "date_created": "2025-10-27T12:24:12.131Z"}}, {"model": "persona.reaction", "pk": 2, "fields": {"persona": 1, "description": "Ga zo door!", "date_created": "2025-10-27T16:35:55.015Z"}}, {"model": "persona.reaction", "pk": 3, "fields": {"persona": 1, "description": "Ik heb haast, maar mooi initiatief", "date_created": "2025-10-27T16:36:06.127Z"}}]